feature,pretty,mean_abs_shap_all,mean_abs_shap_real,coef_std
prob_mean_all,Mean flow probability,2.3342602147132876,1.9553978090785502,2.970260338745784
log_n_flows,Flows in group (log),1.2568951115667126,1.6812362945506898,-1.413663369308762
alert_fraction,Alert fraction,0.9284720734251998,0.7831484240490748,1.1763527992923326
critical_fraction,Critical-tier fraction,0.7729284525003315,0.9828786982879888,1.8542311000836191
log_bytes_per_s_mean,Mean bytes/s (log),0.3838821049671423,0.4516619368757747,0.47118855096406304
log_iat_mean_mean,Mean flow IAT (log),0.36224673520317197,0.38901923121173676,0.44917938875055885
log_n_alerts,Alerts in group (log),0.21314517088803134,0.2717503350431069,-0.232651566503654
log_pkts_per_s_mean,Mean packets/s (log),0.09839991434789006,0.10833933917004816,0.1213402972719511
log_duration_mean,Mean flow duration (log),0.09444597439819874,0.1034124656083073,-0.11411302902958201
prob_mean_alerts,Mean alert probability,0.07560216211268073,0.10108723568563316,-0.2361053726092964
