type,test_flows,test_benign,flow_recall_LR,flow_recall_LGBM,flow_recall_MA,benign_fpr_MA,fp_alert_flows,cand,pos,inc_recall_all,inc_recall_CA,false_inc_all,false_inc_CA
DrDoS_NTP,66293,14365,0.9822639038668927,0.9974965336619935,0.9934909875211831,0.0004872955099199443,7,42,37,1.0,1.0,5,0
DrDoS_DNS,69816,3402,0.9954678230493571,0.997952238985756,0.9964766464901978,0.014697236919459141,50,53,39,1.0,1.0,14,11
DrDoS_LDAP,67771,1612,0.9998941942895146,1.0,0.9998941942895146,0.0037220843672456576,6,21,19,1.0,1.0,2,0
DrDoS_MSSQL,68942,2006,0.999850603561611,0.9999701207123222,0.999850603561611,0.0,0,16,16,1.0,1.0,0,0
DrDoS_NetBIOS,68590,1707,0.9999102911053631,0.999536504044376,0.9996710673863314,0.0,0,19,19,1.0,0.9473684210526315,0,0
DrDoS_SNMP,67185,1507,0.9995584518407991,0.9999543226042206,0.9995280002436128,0.0019907100199071004,3,24,22,1.0,0.9545454545454546,2,0
DrDoS_SSDP,58682,763,0.9997410176280668,0.9999482035256133,0.9997755486109912,0.0,0,24,23,1.0,1.0,1,0
DrDoS_UDP,60029,2157,0.9996025711915952,0.9998272048659109,0.9996025711915952,0.0018544274455261937,4,50,47,1.0,0.8723404255319149,3,0
UDP-lag,68456,3705,0.9961081682136184,0.998918935614894,0.9968185819524022,0.0,0,42,42,1.0,0.8571428571428571,0,0
Syn,69587,392,0.9983813859382903,0.999783221331021,0.9968061276103765,0.0,0,8,8,1.0,1.0,0,0
TFTP,85438,25247,0.9995348141748767,0.9999169311026566,0.9994849728364705,0.00011882599912860934,3,35,32,1.0,1.0,3,0
