log_n_flows,log_n_alerts,alert_fraction,prob_mean_alerts,prob_mean_all,critical_fraction,log_duration_mean,log_pkts_per_s_mean,log_bytes_per_s_mean,log_iat_mean_mean,n_flows,n_alerts,ddos_share,label,win,port,fold,source,test_fold,p_escalate_all,p_rule,rule_kappa,p_ca_real,p_ca_aug
5.998936561946683,1.0986122886681098,0.004975124378109453,0.9489698708057404,0.025570220413367515,0.5,12.757021315174605,5.159699268253776,10.832360634077345,8.936816840736556,402,2,0.0,0,0,443,0,real,0,1.0,0.0,22,0.004120043467550536,8.199040455990194e-05
4.624972813284271,0.6931471805599453,0.009900990099009901,0.5955908298492432,0.01855578507602014,0.0,13.56164213958537,2.432203713723018,4.9494104693091625,12.125120490255407,101,1,0.0,0,1,80,0,real,0,1.0,0.0,22,0.00038052060416166684,8.485146932203197e-07
5.627621113690637,1.3862943611198906,0.010830324909747292,0.6859546502431234,0.018709830277890954,0.0,14.949491072252664,1.9914422216864662,6.061578835525926,12.549041647802513,277,3,0.0,0,1,443,0,real,0,1.0,0.0,22,0.0017611052855715454,8.114053769725103e-06
5.924255797414532,1.0986122886681098,0.005361930294906166,0.8868520855903625,0.013186970815203973,0.5,13.674124307566235,3.425578449406001,7.505189105232223,10.937781853360967,373,2,0.0,0,2,443,0,real,0,1.0,0.0,22,0.0037151818936469114,8.233654409311349e-05
5.327876168789581,1.3862943611198906,0.014634146341463415,0.9758542974789938,0.024521665554003293,0.6666666666666666,12.761573237190882,3.673466736564713,6.027266004948976,10.89406405102258,205,3,0.0,0,3,443,0,real,0,1.0,0.0,22,0.0034885105320207562,0.00015864157905633167
1.0986122886681098,0.6931471805599453,0.5,0.8751137256622314,0.43903246661648154,0.0,3.36670094591868,11.650811865686311,13.442563293370004,2.6945358649082505,2,1,0.0,0,3,9372,0,real,0,1.0,0.0,22,0.00014240893002260535,2.611353332649648e-07
5.393627546352362,0.6931471805599453,0.0045662100456621,0.7786535024642944,0.006404484911802156,0.0,15.731359026224554,1.6867154647334952,5.142584247071329,13.041115015418065,219,1,0.0,0,4,443,0,real,0,1.0,0.0,22,0.0013533072745245578,1.3198748053542183e-05
5.594711379601839,1.3862943611198906,0.011194029850746268,0.8416028221448263,0.015623657777352171,0.6666666666666666,14.493584991904001,2.455126647842088,6.038578838378113,12.012014581805204,268,3,0.0,0,5,443,0,real,0,1.0,0.0,22,0.00474445769090401,0.00022282281098712973
0.6931471805599453,0.6931471805599453,1.0,0.8354322910308838,0.8354322910308838,0.0,3.9318256327243257,11.289794413577894,13.795308871054397,2.8716796250726913,1,1,0.0,0,5,8999,0,real,0,1.0,0.0,22,0.0018357100502310105,2.0988281090260693e-05
0.6931471805599453,0.6931471805599453,1.0,0.9979497790336609,0.9979497790336609,1.0,9.338821533624722,6.270429647222817,10.056549701986246,7.729735331385051,1,1,0.0,0,5,9080,0,real,0,1.0,0.0,22,0.05670042418585808,0.30726638926197086
1.791759469228055,0.6931471805599453,0.2,0.9935291409492493,0.2009634325079787,1.0,7.100210612658972,8.864709913632764,11.044500538069757,5.263521509027842,5,1,0.0,0,6,21,0,real,0,1.0,0.0,22,0.0004281582418885903,3.114124577728289e-05
3.828641396489095,0.6931471805599453,0.022222222222222223,0.80611652135849,0.019334647282004097,0.0,12.14596895485708,3.8218031299819915,4.522523004356426,10.859009877443428,45,1,0.0,0,6,80,0,real,0,1.0,0.0,22,0.00023356215610172398,9.374648467528828e-07
5.659482215759621,1.0986122886681098,0.006993006993006993,0.9922659993171692,0.013674832278624592,1.0,15.336209683591017,1.9966627760091455,5.924690076014641,12.61689099277351,286,2,0.0,0,9,443,0,real,0,1.0,0.0,22,0.010891211195646035,0.0037925753799113566
6.335054251498059,0.6931471805599453,0.0017761989342806395,0.7346430420875549,0.0013463502992962263,0.0,9.025141934489007,6.231776079161838,10.366264393669656,8.125522947204619,563,1,0.0,0,10,53,0,real,0,1.0,0.0,22,0.0005759695224893201,1.8655235744120508e-07
5.43372200355424,0.6931471805599453,0.0043859649122807015,0.9980630278587341,0.007410628671011676,1.0,15.431015126219746,1.8972326435309332,6.145321047295455,12.658329072037535,228,1,0.0,0,10,443,0,real,0,1.0,0.0,22,0.008151516238041664,0.0033543283460360338
3.784189633918261,0.6931471805599453,0.023255813953488372,0.6021407246589661,0.02047087773622648,0.0,14.94578135113487,1.9413313602281164,4.502274911625189,12.905153717360895,43,1,0.0,0,11,80,0,real,0,1.0,0.0,22,0.00032510744961182796,1.8796156039954815e-06
5.572154032177765,1.0986122886681098,0.007633587786259542,0.8337944746017456,0.01214744179147377,0.0,14.283813342528026,2.7685659611741498,6.664037771400231,11.666592033298501,262,2,0.0,0,11,443,0,real,0,1.0,0.0,22,0.001628294983828716,1.1067621509013819e-05
5.247024072160486,0.6931471805599453,0.005291005291005291,0.9981258511543274,0.015561030736801536,1.0,13.765157921603016,2.9365592914930465,6.3063316262901274,11.518993029078638,189,1,0.0,0,13,443,0,real,0,1.0,0.0,22,0.00489795169095332,0.001013175117332359
1.0986122886681098,0.6931471805599453,0.5,0.86729496717453,0.4351196833886206,0.0,3.337280695907213,11.684180219377957,13.475931688708432,2.664544512607395,2,1,0.0,0,14,9458,0,real,0,1.0,0.0,22,0.00013734021545997756,2.3658513569209674e-07
4.7535901911063645,0.6931471805599453,0.008695652173913044,0.6608633399009705,0.0060299236765804344,0.0,15.059328150878503,2.4529626761505168,6.159820139263221,12.137265851858187,115,1,0.0,0,15,443,0,real,0,1.0,0.0,22,0.0006392248569036285,3.2863176954561926e-06
5.3230099791384085,1.0986122886681098,0.00980392156862745,0.9958932995796204,0.027428532899794383,1.0,14.085563306349652,2.9030691725412927,7.208027632392521,11.526295742537574,204,2,0.0,0,16,443,0,real,0,1.0,0.0,22,0.00767060283288432,0.0019551401529654478
5.187385805840755,1.6094379124341003,0.02247191011235955,0.9675959348678589,0.027180247771314274,0.75,13.726122731534366,2.9399426806775177,6.972001493006211,11.43369370818323,178,4,0.0,0,17,443,0,real,0,1.0,0.0,22,0.005944267830965404,0.0006346182048864621
6.335054251498059,5.993961427306569,0.7104795737122558,0.9999528251588344,0.7105518771039153,1.0,12.940059672977364,2.9574267254425024,6.0453543596424835,11.4210502482527,563,400,0.7104795737122558,1,18,80,0,real,0,1.0,1.0,22,0.8875862020148279,0.9196157180142966
1.3862943611198906,0.6931471805599453,0.3333333333333333,0.8524906039237976,0.28416396654302956,0.0,8.135109283342986,7.839297330381929,7.802421646193778,6.330401078725088,3,1,0.0,0,18,139,0,real,0,1.0,0.0,22,0.00012855706914752092,6.822880025620878e-07
6.90875477931522,6.901737206656574,0.993,0.9982256476972758,0.9936986646354199,0.9939577039274925,14.027594751522138,2.050004489504499,6.492932851084321,12.410009738491285,1000,993,1.0,1,19,80,0,real,0,1.0,1.0,22,0.9929960918640555,0.9988137201034767
6.90875477931522,6.90875477931522,1.0,0.9999836998581886,0.9999836998581886,1.0,15.184323158745084,1.7877529810749693,7.823031913909975,13.000704073295255,1000,1000,1.0,1,20,80,0,real,0,1.0,1.0,22,0.9955586271089951,0.9996075561110134
4.68213122712422,3.6635616461296463,0.35514018691588783,0.9999896256547225,0.3578375489916798,1.0,15.925601566748648,1.1898123891153571,5.327298680927935,13.61755087600057,107,38,0.35514018691588783,0,21,80,0,real,0,1.0,1.0,22,0.18786227134255806,0.40709127374276105
0.6931471805599453,0.6931471805599453,1.0,0.8567072153091431,0.8567072153091431,0.0,4.897839799950911,10.534625941758849,12.326363244841515,3.5336865647082343,1,1,0.0,0,21,9484,0,real,0,1.0,0.0,22,0.0022850106614530972,4.252730308267027e-05
6.608000625296087,6.608000625296087,1.0,0.9999656497626691,0.9999656497626691,1.0,13.936082743359838,2.103161918105074,6.62809821640473,12.31754429850346,740,740,1.0,1,22,80,0,real,0,1.0,1.0,22,0.9907673304675421,0.9986310930484966
6.90875477931522,6.907755278982137,0.999,0.9962498348754447,0.9954865729212761,0.9819819819819819,13.745533240746806,2.3174763472679785,7.054891514216923,12.094266374372616,1000,999,1.0,1,23,80,0,real,0,1.0,1.0,22,0.9928206133241264,0.9986123114467397
6.90875477931522,6.90875477931522,1.0,0.9999569363594055,0.9999569363594055,1.0,14.141149011859092,1.9063746777331019,6.541700443351181,12.487482614920435,1000,1000,1.0,1,24,80,0,real,0,1.0,1.0,22,0.9936637566126334,0.9990510319573138
6.90875477931522,6.90875477931522,1.0,0.9984025795459748,0.9984025795459748,0.996,13.67470292301473,2.314547430006821,7.056510657622051,12.022244470229714,1000,1000,1.0,1,25,80,0,real,0,1.0,1.0,22,0.992961145278575,0.9986785127566998
6.90875477931522,6.90875477931522,1.0,0.9997352055907249,0.9997352055907249,0.997,13.889758653640268,2.1842456873395366,6.820102403951065,12.245754913916203,1000,1000,1.0,1,26,80,0,real,0,1.0,1.0,22,0.9932679838240814,0.9988522358807639
6.90875477931522,6.90875477931522,1.0,0.9999653950929642,0.9999653950929642,1.0,14.49231476459208,1.775448004189523,6.418789504009375,12.749767553771056,1000,1000,1.0,1,27,80,0,real,0,1.0,1.0,22,0.9941026269992979,0.9992334036373268
6.90875477931522,6.90875477931522,1.0,0.9999840574860572,0.9999840574860572,1.0,15.031036194226878,1.950503965673894,8.149670257207328,12.835517861117282,1000,1000,1.0,1,28,80,0,real,0,1.0,1.0,22,0.9954878838303892,0.9995782839911599
6.90875477931522,6.90875477931522,1.0,0.9999849514961243,0.9999849514961243,1.0,15.111087823164752,1.7761561268948185,8.069340537612836,12.945460626895663,1000,1000,1.0,1,29,80,0,real,0,1.0,1.0,22,0.9956305348345654,0.9996147484920065
6.369900982828227,6.22455842927536,0.8644939965694682,0.9999843104964211,0.8645773993960892,1.0,15.041482292205652,1.7650721837283685,7.420262474944677,12.942791700241388,583,504,0.8644939965694682,1,30,80,0,real,0,1.0,1.0,22,0.979551769639754,0.997357825692446
2.6390573296152584,2.6390573296152584,1.0,0.999959762279804,0.999959762279804,1.0,15.307634675300148,0.8959189058912206,2.4742497699952173,14.02294172331118,13,13,1.0,1,32,80,0,real,0,1.0,0.0,22,0.5982261351613337,0.9853206938138251
6.90875477931522,6.90875477931522,1.0,0.9997680557370185,0.9997680557370185,0.999,13.913608580820197,2.110595888107403,6.847713586671202,12.261042552953361,1000,1000,1.0,1,33,80,0,real,0,1.0,1.0,22,0.9933984451124634,0.9989090558028129
6.90875477931522,6.90875477931522,1.0,0.9999608227610588,0.9999608227610588,1.0,14.048740146270136,1.9742375777976648,6.609046419428339,12.405947426773885,1000,1000,1.0,1,34,80,0,real,0,1.0,1.0,22,0.9935370021669842,0.9989917435185038
6.90875477931522,6.90875477931522,1.0,0.9998897944688797,0.9998897944688797,0.999,14.57795338005635,1.4911922341607238,4.869038797184734,13.063677843602086,1000,1000,1.0,1,35,80,0,real,0,1.0,1.0,22,0.9933883304079036,0.999081414669178
6.90875477931522,6.90875477931522,1.0,0.9997141243219375,0.9997141243219375,0.997,15.358012552416078,0.9127094729461819,3.0362857632423026,13.920277725213166,1000,1000,1.0,1,36,80,0,real,0,1.0,1.0,22,0.993566365237804,0.9992786892229099
6.90875477931522,6.90875477931522,1.0,0.9999848368763924,0.9999848368763924,1.0,14.894226828820226,1.9998011024593347,8.28617942559321,12.718540087042067,1000,1000,1.0,1,37,80,0,real,0,1.0,1.0,22,0.9954040819761282,0.9995500670275594
6.90875477931522,6.90875477931522,1.0,0.999955245256424,0.999955245256424,1.0,15.058926366779103,1.8385806965243778,8.115051015123237,12.8806364468209,1000,1000,1.0,1,38,80,0,real,0,1.0,1.0,22,0.9955642791981154,0.9995975344964269
6.486160788944089,6.335054251498059,0.8595419847328244,0.9999840143095324,0.8602959562153404,1.0,15.188060782436626,1.7039058000322702,7.332587864402955,13.04208808354411,655,563,0.8595419847328244,1,39,80,0,real,0,1.0,1.0,22,0.9818159164356629,0.9976395519568354
5.181783550292085,1.0986122886681098,0.011299435028248588,0.9930143356323242,0.019797650932780873,1.0,14.600763342842368,2.5416861373012014,6.765918356915433,11.963898544587485,177,2,0.0,0,39,443,0,real,0,1.0,0.0,22,0.007613694666585317,0.0024839484415780343
5.799092654460526,5.799092654460526,1.0,0.9999639915477904,0.9999639915477904,1.0,14.05203998394021,2.01022668103153,6.780592953609054,12.376115823194644,329,329,1.0,1,42,80,0,real,0,1.0,1.0,22,0.9793312039245216,0.9979045326528698
6.90875477931522,6.90875477931522,1.0,0.9999074322581292,0.9999074322581292,0.999,13.953607455534371,2.0467380766065557,6.695600221446217,12.304970377517405,1000,1000,1.0,1,43,80,0,real,0,1.0,1.0,22,0.993395071394685,0.998921911921999
6.90875477931522,6.906754778648554,0.998,0.9999118855816568,0.9979885125849396,1.0,13.720240209016167,2.3122034849713082,6.975691845683436,12.08085526315526,1000,998,1.0,1,44,80,0,real,0,1.0,1.0,22,0.9929770942967292,0.9987143623647154
6.90875477931522,6.907755278982137,0.999,0.9996496854840337,0.9986747255753726,0.998998998998999,15.344147826575384,0.8733098341356471,2.8059111909194927,13.95508158975001,1000,999,1.0,1,45,80,1,real,1,1.0,1.0,39,0.9954351123334871,0.9990172077609937
6.90875477931522,6.90875477931522,1.0,0.9996083365082741,0.9996083365082741,0.998,15.328359706986799,1.3009183093261336,5.674891083796349,13.487235374855572,1000,1000,1.0,1,46,80,1,real,1,1.0,1.0,39,0.9959092004007897,0.9992227621679589
6.90875477931522,6.907755278982137,0.999,0.9999686748057872,0.9991517578810454,1.0,15.085171986950085,1.8913228102917574,8.089161081469014,12.891587710082764,1000,999,1.0,1,47,80,1,real,1,1.0,1.0,39,0.9959671762344761,0.9992222510574075
6.90875477931522,6.90875477931522,1.0,0.9999675027728081,0.9999675027728081,1.0,14.780004680161207,2.1460746509177744,8.400601148358692,12.60313679554865,1000,1000,1.0,1,48,80,1,real,1,1.0,1.0,39,0.9956981246152273,0.9990561872214839
6.12029741895095,5.627621113690637,0.6101321585903083,0.9999691049975178,0.6104109053351353,1.0,13.882514491468687,2.607396864392969,6.673052815740931,12.020188220645327,454,277,0.6101321585903083,1,49,80,1,real,1,1.0,1.0,39,0.8447068200496302,0.8566488218954317
6.844815479208263,6.844815479208263,1.0,0.999924425504355,0.999924425504355,1.0,13.866454920283292,2.1567150064073806,6.953929241049154,12.198614224469631,938,938,1.0,1,52,80,1,real,1,1.0,1.0,39,0.9941336222066564,0.9981067490614013
6.90875477931522,6.907755278982137,0.999,0.999777013952429,0.9989376461058855,0.998998998998999,13.792358115299084,2.2205637825004922,6.916265768169105,12.142808042247193,1000,999,1.0,1,53,80,1,real,1,1.0,1.0,39,0.9943339906451979,0.9980117528664891
6.90875477931522,6.90875477931522,1.0,0.9999218413829803,0.9999218413829803,1.0,14.588808399635836,1.5510870420650913,4.951023354714433,13.060781191317329,1000,1000,1.0,1,54,80,1,real,1,1.0,1.0,39,0.995004601349316,0.9986567452537339
6.90875477931522,6.906754778648554,0.998,0.9997825314382274,0.9978550557026173,0.998997995991984,15.196068948438297,1.0830100486391547,3.431331977408973,13.725922283547229,1000,998,1.0,1,55,80,1,real,1,1.0,1.0,39,0.9953193466631064,0.9989416903397604
6.90875477931522,6.90875477931522,1.0,0.9995883047580719,0.9995883047580719,0.999,15.068194377159113,1.8977160614013964,8.106803643162673,12.881834298661188,1000,1000,1.0,1,56,80,1,real,1,1.0,1.0,39,0.9959667435638462,0.9992157123078383
6.90875477931522,6.90875477931522,1.0,0.9999700025320053,0.9999700025320053,1.0,15.015206706830693,1.9287940630963676,8.165506710203086,12.825983094996882,1000,1000,1.0,1,57,80,1,real,1,1.0,1.0,39,0.9959379238173214,0.9991985351010662
6.47543271670409,6.39024066706535,0.9182098765432098,0.9999745678500969,0.9182145112845772,1.0,14.627819328364021,2.166011061854446,8.086332793666339,12.525092760312912,648,595,0.9182098765432098,1,58,80,1,real,1,1.0,1.0,39,0.9879396194155831,0.9970089234406971
4.7535901911063645,0.6931471805599453,0.008695652173913044,0.9982532858848572,0.015131439458811567,1.0,14.407331689207217,2.748384475835328,7.247622969763413,11.629008084371542,115,1,0.0,0,58,443,1,real,1,1.0,0.0,39,0.005856874653865904,0.0020282271620465525
4.867534450455582,1.0986122886681098,0.015503875968992248,0.9816868305206299,0.02470201946580844,1.0,14.38418543081945,2.8724885508342197,6.731858496658231,11.667482793743899,129,2,0.0,0,59,443,1,real,1,1.0,0.0,39,0.007346184450678139,0.002076795875125424
6.740519359606223,6.7357800142423265,0.9952662721893492,0.9998349268853168,0.9956443059894658,0.9988109393579072,13.851290867946513,2.158000697782388,6.667361853820308,12.233180754628114,845,841,0.9964497041420118,1,61,80,1,real,1,1.0,1.0,39,0.9931209714556112,0.9978058219402995
6.90875477931522,6.90875477931522,1.0,0.9998272653222084,0.9998272653222084,0.999,13.593554527304628,2.490574935983488,6.98898872407758,11.955409728103044,1000,1000,1.0,1,62,80,1,real,1,1.0,1.0,39,0.9939728490054165,0.9976312715336041
6.90875477931522,6.90875477931522,1.0,0.9998444338440895,0.9998444338440895,0.999,13.71830794182296,2.3310433178082217,6.945273094182383,12.063972734274346,1000,1000,1.0,1,63,80,1,real,1,1.0,1.0,39,0.994214329283614,0.9978816875345993
6.90875477931522,6.907755278982137,0.999,0.9997847870782808,0.9988107934128493,0.998998998998999,15.218049928121307,0.8965679702171525,2.1272055682493973,13.968118877167232,1000,999,1.0,1,64,80,1,real,1,1.0,1.0,39,0.9951375539974459,0.9988466019971953
6.90875477931522,6.90875477931522,1.0,0.9999600403308868,0.9999600403308868,1.0,15.01165120154343,1.804396601949624,7.135768519612796,12.98711421469119,1000,1000,1.0,1,65,80,1,real,1,1.0,1.0,39,0.9957592189480945,0.9991172398824698
6.90875477931522,6.90875477931522,1.0,0.9998989236950875,0.9998989236950875,0.999,14.925351581432293,2.1402536212339616,8.253688648302512,12.717965362831768,1000,1000,1.0,1,66,80,1,real,1,1.0,1.0,39,0.9957633896128255,0.9991030123151381
6.90875477931522,6.90875477931522,1.0,0.9998989184498787,0.9998989184498787,0.999,14.719648010032568,2.2489311577198587,8.459094685592481,12.544160711272836,1000,1000,1.0,1,67,80,1,real,1,1.0,1.0,39,0.9955990354444341,0.9989951097303944
5.717027701406222,4.912654885736052,0.44554455445544555,0.9999745033405445,0.4459748356583251,1.0,13.731738423938028,2.5116526237498924,6.083900275567475,12.024816939682523,303,135,0.44554455445544555,0,68,80,1,real,1,1.0,1.0,39,0.5192252474034124,0.44074672252836783
4.634728988229636,1.9459101490553132,0.058823529411764705,0.8121183713277181,0.05774187896844747,0.0,15.339427061923953,1.7440242540517006,5.0699409560721485,12.949031305771623,102,6,0.0,0,68,443,1,real,1,1.0,0.0,39,0.0025202269919175346,2.5184293526268458e-05
6.48768401848461,6.486160788944089,0.9984756097560976,0.9991682794257885,0.9980784909027379,0.9969465648854962,13.541966129930469,2.4737247043773447,6.986467196824606,11.924297071506256,656,655,1.0,1,70,80,1,real,1,1.0,1.0,39,0.9904314588300388,0.9969271346841816
6.90875477931522,6.907755278982137,0.999,0.9995380290397056,0.9988235440552234,0.998998998998999,13.430750095720432,2.605063828376682,7.0961376118156645,11.800078199074958,1000,999,1.0,1,71,80,1,real,1,1.0,1.0,39,0.9936874920990603,0.9973208925930032
6.90875477931522,6.906754778648554,0.998,0.9998200777656807,0.9981476271972061,0.998997995991984,13.70834170873112,2.330404531479172,6.900037438403713,12.063904246045663,1000,998,1.0,1,72,80,1,real,1,1.0,1.0,39,0.994119557659616,0.9978188172942478
6.90875477931522,6.90875477931522,1.0,0.999908542573452,0.999908542573452,1.0,15.30965703309068,0.8649726307068085,2.5750954069173777,13.97885839994139,1000,1000,1.0,1,73,80,1,real,1,1.0,1.0,39,0.9953995607713968,0.9989919814442572
6.90875477931522,6.906754778648554,0.998,0.9998953215822667,0.9979267147388309,0.998997995991984,15.06494319025808,1.6696487317408801,6.27469654653185,13.160374822786052,1000,998,1.0,1,74,80,1,real,1,1.0,1.0,39,0.9955998733684114,0.9990560888300464
6.90875477931522,6.90875477931522,1.0,0.999970053434372,0.999970053434372,1.0,14.73075506077873,2.281982591794279,8.45023607247756,12.531357102021921,1000,1000,1.0,1,75,80,1,real,1,1.0,1.0,39,0.9955867954023263,0.9989906961149262
6.90875477931522,6.90875477931522,1.0,0.9999691888689994,0.9999691888689994,1.0,14.887804462245851,2.090812839303574,8.293112542321225,12.700033362937091,1000,1000,1.0,1,76,80,1,real,1,1.0,1.0,39,0.9957843719016323,0.9991112710676995
5.493061443340548,5.455321115357702,0.9628099173553719,0.9999764144676437,0.9627934402826179,1.0,14.890437331411933,2.0085395777055806,7.913256140785354,12.761747612625532,242,233,0.9628099173553719,1,77,80,1,real,1,1.0,1.0,39,0.9763420129093942,0.9973543237811462
1.0986122886681098,0.6931471805599453,0.5,0.6501925587654114,0.3464741799980402,0.0,3.3595065771926302,11.658111165338257,13.449862676422285,2.6876392038420827,2,1,0.0,0,77,9619,1,real,1,1.0,0.0,39,5.9383659017139434e-05,2.4320997564884025e-08
5.71042701737487,5.71042701737487,1.0,0.9998201502121961,0.9998201502121961,1.0,13.788672489273198,2.1560746320325714,6.6249170071888,12.16198507021177,301,301,1.0,1,78,80,1,real,1,1.0,1.0,39,0.9801811472090399,0.9963665006745325
6.90875477931522,6.90875477931522,1.0,0.9998861511349678,0.9998861511349678,1.0,13.695828178182813,2.351450921199536,6.932491558237794,12.057902755953485,1000,1000,1.0,1,79,80,1,real,1,1.0,1.0,39,0.9941857841389002,0.9978534906842782
6.90875477931522,6.90875477931522,1.0,0.9999521884918213,0.9999521884918213,1.0,13.851237907438081,2.2528409844332375,6.85829404770508,12.200642311587792,1000,1000,1.0,1,80,80,1,real,1,1.0,1.0,39,0.9944015864264881,0.998070944252566
6.90875477931522,6.904750769961838,0.996,0.9998170997363975,0.9964229594171047,0.998995983935743,15.134864813509173,1.0229580466743073,3.197775805269539,13.745645662610258,1000,996,1.0,1,81,80,1,real,1,1.0,1.0,39,0.9952000356203011,0.9988818345347394
6.90875477931522,6.907755278982137,0.999,0.9998911906768371,0.999147609770298,0.998998998998999,15.521948570515699,1.0784961580378376,4.692067925295364,13.795023297837236,1000,999,1.0,1,82,80,1,real,1,1.0,1.0,39,0.9959315975562002,0.9992572789310151
6.90875477931522,6.90875477931522,1.0,0.9998469938635826,0.9998469938635826,0.998,15.055704969772703,2.0005567835171796,8.121294340120132,12.858587209268917,1000,1000,1.0,1,83,80,1,real,1,1.0,1.0,39,0.9959042510887596,0.9991837326220229
6.90875477931522,6.90875477931522,1.0,0.9999736684560776,0.9999736684560776,1.0,14.801422787041043,2.1617225893566765,8.379496588728292,12.627103551416155,1000,1000,1.0,1,84,80,1,real,1,1.0,1.0,39,0.9957029063428436,0.9990605393801988
6.410174881966167,6.169610732491456,0.785831960461285,0.9999714526240431,0.7858770965742622,1.0,14.325394001775322,2.362084218562628,7.402388945470219,12.336888680910345,607,477,0.785831960461285,1,85,80,1,real,1,1.0,1.0,39,0.965801979136584,0.9842107242125083
6.401917196727186,6.401917196727186,1.0,0.9999328701203052,0.9999328701203052,1.0,13.783107218761447,2.281203947102317,6.757828471018373,12.144596848196425,602,602,1.0,1,87,80,1,real,1,1.0,1.0,39,0.9902618038841658,0.9973622459687653
6.90875477931522,6.907755278982137,0.999,0.9995375610328652,0.9986175747588277,0.997997997997998,14.160105350990397,1.9405387276305879,6.498611389214078,12.524534716526347,1000,999,1.0,1,88,80,1,real,1,1.0,1.0,39,0.9947606707503357,0.9984151209562314
6.90875477931522,6.90875477931522,1.0,0.9998800427317619,0.9998800427317619,1.0,14.497634260699392,1.6143267094514304,5.468919683356437,12.912795589025794,1000,1000,1.0,1,89,80,2,real,2,1.0,1.0,39,0.9951099796358769,0.9995547967429456
6.90875477931522,6.90875477931522,1.0,0.9997536494135857,0.9997536494135857,1.0,15.531953111736858,0.7359729752788453,2.8185510666408686,14.083050986889463,1000,1000,1.0,1,90,80,2,real,2,1.0,1.0,39,0.9957906822521004,0.9996722190173106
6.90875477931522,6.90875477931522,1.0,0.999985967874527,0.999985967874527,1.0,14.938338325479217,2.0099463786663585,8.023271899910082,12.78897203039481,1000,1000,1.0,1,91,80,2,real,2,1.0,1.0,39,0.9957252359717477,0.9997326276167354
6.90875477931522,6.90875477931522,1.0,0.9999898287653923,0.9999898287653923,1.0,15.158920324111936,1.8017271327901268,8.02192388024005,12.977949012132772,1000,1000,1.0,1,92,80,2,real,2,1.0,1.0,39,0.9959808243239683,0.999776774543834
6.660575149839686,6.635946555686647,0.9756410256410256,0.999989883345154,0.9756396513164715,1.0,15.111370801579529,1.8279069510989467,7.946454098653279,12.942011014033666,780,761,0.9756410256410256,1,93,80,2,real,2,1.0,1.0,39,0.9937637838341634,0.9996289752677363
6.251903883165888,6.248042874508429,0.9961389961389961,0.9991608535827592,0.9953031853707307,0.998062015503876,14.72994048726204,2.1875753802113453,8.414587645010005,12.569120788141792,518,516,0.9961389961389961,1,95,80,2,real,2,1.0,1.0,39,0.9906943490318763,0.9994783370471452
6.90875477931522,6.90875477931522,1.0,0.9999889467358589,0.9999889467358589,1.0,14.764725253420496,2.2445305359301635,8.416329422207607,12.584758983430486,1000,1000,1.0,1,96,80,2,real,2,1.0,1.0,39,0.9955555768170504,0.999705792492505
6.90875477931522,6.90875477931522,1.0,0.9998322102427483,0.9998322102427483,1.0,15.38215601713475,1.8360647102877379,7.625309646721196,13.160701835165765,1000,1000,1.0,1,97,80,2,real,2,1.0,1.0,39,0.99602106475393,0.9997782726742247
6.90875477931522,6.901737206656574,0.993,0.9985467481829249,0.9926952727306634,0.9959718026183283,15.42444492017656,0.8904027266633951,2.8923887763967246,13.980645586546753,1000,993,1.0,1,98,80,2,real,2,1.0,1.0,39,0.9954108892932675,0.9996018944316797
6.90875477931522,6.902742737158593,0.994,0.9986279161283428,0.9934345794990659,0.9919517102615694,15.1105888820431,1.2746015390170147,4.988339277627827,13.431437331630587,1000,994,1.0,1,99,80,2,real,2,1.0,1.0,39,0.9954045481469977,0.9996374411462511
6.90875477931522,6.90875477931522,1.0,0.9999116135239601,0.9999116135239601,1.0,13.711938465246972,2.3568600881626516,6.918589769289031,12.065898935990063,1000,1000,1.0,1,100,80,2,real,2,1.0,1.0,39,0.9943109338500975,0.9993545919021763
6.687108607866515,6.628041376179533,0.9425717852684145,0.9999123895405144,0.9425598864519674,1.0,13.798319247740928,2.2649903897175214,6.775236928672874,12.166622675484506,801,755,0.9438202247191011,1,101,80,2,real,2,1.0,1.0,39,0.9897678184750095,0.9986339212320601
4.795790545596741,4.787491742782046,0.9916666666666667,0.9996635733532304,0.9913418216000234,1.0,15.343861187196897,0.8153588338453073,2.297741851629847,14.036793870887452,120,119,0.9916666666666667,1,103,80,2,real,2,1.0,1.0,39,0.955013935435412,0.9976589624004266
6.90875477931522,6.90875477931522,1.0,0.9993894445300102,0.9993894445300102,0.997,15.619615251941326,1.0102020437967534,4.628418420171275,13.833919245538164,1000,1000,1.0,1,104,80,2,real,2,1.0,1.0,39,0.9960107106202846,0.9997434977589299
6.90875477931522,6.90875477931522,1.0,0.9999910531044006,0.9999910531044006,1.0,15.583776404750447,1.561742183058329,7.597882927985935,13.360475306195262,1000,1000,1.0,1,105,80,2,real,2,1.0,1.0,39,0.9962812885218024,0.9998179450913628
6.90875477931522,6.906754778648554,0.998,0.9999908112094015,0.9983607647232712,1.0,15.45569259767441,1.6509302246472837,7.712832058756536,13.2508168452374,1000,998,1.0,1,106,80,2,real,2,1.0,1.0,39,0.9961398703798628,0.9998010316075161
6.90875477931522,6.907755278982137,0.999,0.9992057256273799,0.9986371521651745,0.996996996996997,15.34285185521043,1.044202430186193,4.168133821397055,13.715029469599369,1000,999,1.0,1,107,80,2,real,2,1.0,1.0,39,0.9957049815164492,0.9996773555800728
6.90875477931522,6.90875477931522,1.0,0.999894693672657,0.999894693672657,1.0,13.984209338562383,2.050997176971205,6.717091594943286,12.324882796116077,1000,1000,1.0,1,108,80,2,real,2,1.0,1.0,39,0.9947077157884431,0.9994731310654051
6.752270376141742,6.728628613084702,0.9766081871345029,0.9997534262206026,0.9763677630854886,1.0,13.87613776452134,2.2380436229697835,7.000601761065793,12.172188047597277,855,835,0.9766081871345029,1,109,80,2,real,2,1.0,1.0,39,0.9925037768756749,0.9991730183368692
6.803505257608338,6.802394763324311,0.9988888888888889,0.9991182505222529,0.9980097656602609,0.996662958843159,15.502838969913066,0.7450874532813574,2.7369816504737265,14.066618983542083,900,899,1.0,1,112,80,2,real,2,1.0,1.0,39,0.9951630862509248,0.9996195734127177
6.90875477931522,6.90875477931522,1.0,0.9998182309865952,0.9998182309865952,0.999,15.57722936256924,1.1552906781323917,4.983828463642039,13.78120150385427,1000,1000,1.0,1,113,80,2,real,2,1.0,1.0,39,0.9960099985501607,0.9997466058663936
6.90875477931522,6.90875477931522,1.0,0.9999916145801544,0.9999916145801544,1.0,15.57025733931772,1.5913719664987676,7.611583838212747,13.34845298557537,1000,1000,1.0,1,114,80,2,real,2,1.0,1.0,39,0.9962626321553907,0.9998153092169048
6.90875477931522,6.90875477931522,1.0,0.9999889183044434,0.9999889183044434,1.0,15.659604428448237,1.5333504557062707,7.453079579754695,13.441622808100915,1000,1000,1.0,1,115,80,2,real,2,1.0,1.0,39,0.9963156394741359,0.9998213789472047
6.90875477931522,6.90875477931522,1.0,0.9998354334831238,0.9998354334831238,1.0,13.773691879518958,2.280129750158249,7.08559045718651,12.094127463507673,1000,1000,1.0,1,116,80,2,real,2,1.0,1.0,39,0.9944594105645416,0.9994081749066436
6.90875477931522,6.90875477931522,1.0,0.9997715299129486,0.9997715299129486,1.0,13.936449440716066,2.1233581906587724,6.71710505819409,12.29177510708031,1000,1000,1.0,1,117,80,2,real,2,1.0,1.0,39,0.9946191340353553,0.9994466204644534
5.7745515455444085,5.0369526024136295,0.4766355140186916,0.9999264404664632,0.4770142519199876,1.0,13.038907972604772,2.873692370279419,5.6243328288639605,11.569102808339428,321,153,0.4766355140186916,0,118,80,2,real,2,1.0,1.0,39,0.5516730364063811,0.46596016432185444
5.5134287461649825,5.5134287461649825,1.0,0.996986165703067,0.996986165703067,0.9878542510121457,15.348675904352332,0.8305164806381871,3.0214980773744653,13.877261483909336,247,247,1.0,1,120,80,2,real,2,1.0,1.0,39,0.9798430161943357,0.9988295079821734
6.90875477931522,6.90875477931522,1.0,0.9996891821026802,0.9996891821026802,1.0,15.585736511967985,0.6561497647079123,2.154942379512475,14.25423753528309,1000,1000,1.0,1,121,80,2,real,2,1.0,1.0,39,0.9957499916990299,0.9996512635565128
6.90875477931522,6.907755278982137,0.999,0.9994659142212586,0.998563760921359,0.998998998998999,15.41605024640637,1.7521410189263715,7.135832888010202,13.279407294813657,1000,999,1.0,1,122,80,2,real,2,1.0,1.0,39,0.9959624153788492,0.9997649860369435
6.90875477931522,6.90875477931522,1.0,0.9999915120005608,0.9999915120005608,1.0,15.615383629809882,1.652743991884252,7.566899297317667,13.375971393516817,1000,1000,1.0,1,123,80,2,real,2,1.0,1.0,39,0.9962519694064184,0.9998130268415597
6.90875477931522,6.90875477931522,1.0,0.9999053267836571,0.9999053267836571,1.0,14.848049293207328,1.9148957643167597,7.1155324078599635,12.872635957850594,1000,1000,1.0,1,124,80,2,real,2,1.0,1.0,39,0.9955356653437303,0.9996830993454988
6.90875477931522,6.90875477931522,1.0,0.9998181135654449,0.9998181135654449,1.0,13.605903433853983,2.425516229069341,7.051189368664871,11.971068264190995,1000,1000,1.0,1,125,80,2,real,2,1.0,1.0,39,0.9941998280859666,0.9993218482832492
6.90875477931522,6.90875477931522,1.0,0.999842761695385,0.999842761695385,1.0,13.974756535035864,2.0686328255247775,6.734112997991185,12.308665597629927,1000,1000,1.0,1,126,80,2,real,2,1.0,1.0,39,0.9946885406988533,0.9994680690619968
4.276666119016055,4.07753744390572,0.8169014084507042,0.9999309706276861,0.8169778009336894,1.0,12.92871571722829,3.0274408354858293,7.809900978350481,11.391933276416264,71,58,0.8169014084507042,1,127,80,2,real,2,1.0,1.0,39,0.7224082906435565,0.9445898252535991
1.0986122886681098,0.6931471805599453,0.5,0.9612464904785156,0.4806580940785352,1.0,2.2924837393352857,12.919637073294185,16.943193656598858,1.7631802623080808,2,1,0.0,0,128,9635,2,real,2,1.0,0.0,39,0.000802149413774359,3.40820547876415e-05
6.0473721790462776,5.849324779946859,0.8199052132701422,0.9994492808173847,0.8199175837154664,1.0,15.15946050621687,1.0604069692591689,2.557859370953939,13.77446434798334,422,346,0.8199052132701422,1,129,80,2,real,2,1.0,1.0,39,0.9625481568921826,0.993465794366739
6.90875477931522,6.907755278982137,0.999,0.9993059309395226,0.9983936824202537,0.997997997997998,15.389480783107372,0.9219838488177609,2.924851391868966,13.962518198984897,1000,999,1.0,1,130,80,2,real,2,1.0,1.0,39,0.9955699261481288,0.9996242868671278
6.90875477931522,6.90875477931522,1.0,0.999396608889103,0.999396608889103,0.998,15.59658038481469,1.6335282700901221,7.57299772489743,13.369279603251844,1000,1000,1.0,1,131,80,2,real,2,1.0,1.0,39,0.9962295254659487,0.999810336152515
6.90875477931522,6.907755278982137,0.999,0.999989519904445,0.9994723047316074,1.0,15.728297859841613,1.5033717448419266,7.447513109171523,13.493665292283746,1000,999,1.0,1,132,80,2,real,2,1.0,1.0,39,0.9963502857524202,0.9998271784999676
6.90875477931522,6.90875477931522,1.0,0.9996308320164681,0.9996308320164681,1.0,14.302445404113481,2.0246827859004624,6.985514239231352,12.521972814637135,1000,1000,1.0,1,133,80,2,real,2,1.0,1.0,39,0.9950401130261928,0.9995685755098961
6.90875477931522,6.90875477931522,1.0,0.9974678570032119,0.9974678570032119,1.0,14.023321866862556,2.0276373213988363,6.629613288167827,12.366304128758381,1000,1000,1.0,1,134,80,3,real,3,1.0,1.0,39,0.99410260810812,0.9991345491604555
6.90875477931522,6.90875477931522,1.0,0.9976372958421708,0.9976372958421708,1.0,14.129803457534946,1.9210403548498918,6.4728041999400245,12.49259949912751,1000,1000,1.0,1,135,80,3,real,3,1.0,1.0,39,0.9942733187402489,0.9991849970136154
5.799092654460526,4.787491742782046,0.3617021276595745,0.9979742985813558,0.3628022265669833,1.0,13.298376394318613,2.7700930252705223,5.5450864824262025,11.659446126595018,329,119,0.3617021276595745,0,136,80,3,real,3,1.0,1.0,39,0.2970688744500491,0.23405560629215585
3.7612001156935624,0.6931471805599453,0.023809523809523808,0.9954918026924133,0.029600405889742172,1.0,15.746957234173045,1.698776604892837,5.306970629127413,13.223418930081706,42,1,0.0,0,136,443,3,real,3,1.0,0.0,39,0.0032459737140908824,0.002877679227232457
5.697093486505405,5.69035945432406,0.9932659932659933,0.9974637789241338,0.9908294805171916,1.0,15.387213920391014,0.817888930247194,1.9516743164379815,14.135882192487436,297,295,0.9932659932659933,1,138,80,3,real,3,1.0,1.0,39,0.982317091168863,0.9983020848359081
6.90875477931522,6.90875477931522,1.0,0.9967768079042435,0.9967768079042435,0.998,15.347095880348094,0.9883454266312146,3.1999586774677597,13.901575565092772,1000,1000,1.0,1,139,80,3,real,3,1.0,1.0,39,0.9954115099153673,0.9993886293332414
6.90875477931522,6.90875477931522,1.0,0.9986037998199463,0.9986037998199463,1.0,15.736027155361532,1.4983660347040597,7.446159652091063,13.506284716179682,1000,1000,1.0,1,140,80,3,real,3,1.0,1.0,39,0.9960133750994971,0.9996815228034508
6.90875477931522,6.90875477931522,1.0,0.9986080549359322,0.9986080549359322,1.0,15.306726373888866,1.83184109932062,7.875113821707496,13.101770300968859,1000,1000,1.0,1,141,80,3,real,3,1.0,1.0,39,0.9955794166006183,0.9996030567054498
6.90875477931522,6.907755278982137,0.999,0.9968524038851321,0.9962092498540879,0.996996996996997,14.105540665517543,2.0734933442238708,7.076527848400294,12.357958765975345,1000,999,1.0,1,142,80,3,real,3,1.0,1.0,39,0.9941545606019178,0.999182038431813
6.90875477931522,6.907755278982137,0.999,0.9972240025694067,0.9965648630261421,0.998998998998999,13.78909086239521,2.210855466534199,6.9807770860709315,12.12768002106439,1000,999,1.0,1,143,80,3,real,3,1.0,1.0,39,0.9937289614335435,0.9990253848052902
6.877296071497429,6.877296071497429,1.0,0.9974664300218824,0.9974664300218824,0.9979360165118679,13.82109210864638,2.2130944928583354,6.888178475794329,12.170504708605364,969,969,1.0,1,144,80,3,real,3,1.0,1.0,39,0.9935690555080585,0.999010263558321
6.641182169740591,6.638567789166521,0.9973856209150327,0.9964358876917028,0.9940125273771925,0.9973787680209698,15.33506537065262,0.7809852341891432,1.9624967949201824,14.105100429976648,765,763,0.9986928104575163,1,147,80,3,real,3,1.0,1.0,39,0.9936794336958157,0.9991403789688
6.90875477931522,6.90875477931522,1.0,0.9976949751377105,0.9976949751377105,0.998,15.343588495378448,1.5176061105076843,5.76019220419377,13.466204421108364,1000,1000,1.0,1,148,80,3,real,3,1.0,1.0,39,0.9954717645464943,0.9995070917668056
6.90875477931522,6.907755278982137,0.999,0.9986317981112827,0.9981320726275444,1.0,15.542353173586728,1.665388627876699,7.633397690854368,13.322226572359007,1000,999,1.0,1,149,80,3,real,3,1.0,1.0,39,0.9957929414067019,0.999643372997082
6.90875477931522,6.90875477931522,1.0,0.9982852672934532,0.9982852672934532,1.0,15.04196841727395,1.8540296584453622,7.583488012277474,12.953713016390282,1000,1000,1.0,1,150,80,3,real,3,1.0,1.0,39,0.9953105398935514,0.9995334168558148
6.90875477931522,6.90875477931522,1.0,0.9975991155505181,0.9975991155505181,1.0,13.721367935270985,2.3108343947216152,7.059622628864246,12.06125351846711,1000,1000,1.0,1,151,80,3,real,3,1.0,1.0,39,0.9936510504956436,0.9989948146525789
6.90875477931522,6.907755278982137,0.999,0.99738627278411,0.9966689530014992,0.998998998998999,13.987761434265304,2.0427973511094066,6.770949025085426,12.323657891462556,1000,999,1.0,1,152,80,3,real,3,1.0,1.0,39,0.9940364732480766,0.9991248482898609
6.507277712385012,6.285998094508865,0.8011958146487295,0.997798671473318,0.7998337335572325,1.0,13.589672836259052,2.3928089458936923,6.305109206484508,11.991289975536214,669,536,0.8011958146487295,1,153,80,3,real,3,1.0,1.0,39,0.9608050701975522,0.9876220218845032
6.214608098422191,6.214608098422191,1.0,0.9973355301157506,0.9973355301157506,1.0,15.468200111092528,0.722826452845923,1.8643976765483965,14.21808491418732,499,499,1.0,1,156,80,3,real,3,1.0,1.0,39,0.9905047763753331,0.9989539714085266
6.90875477931522,6.90875477931522,1.0,0.9965745186209679,0.9965745186209679,0.999,14.936994303298752,1.3973061872680168,3.997943980274729,13.433347917695276,1000,1000,1.0,1,157,80,3,real,3,1.0,1.0,39,0.9949305670130526,0.9992650101680397
6.90875477931522,6.90875477931522,1.0,0.9984981127977371,0.9984981127977371,0.999,15.469855429678834,1.8524612717227986,7.710699090718109,13.22509572663911,1000,1000,1.0,1,158,80,3,real,3,1.0,1.0,39,0.9956583979707772,0.999613320133246
6.90875477931522,6.907755278982137,0.999,0.9985080959799292,0.997679854914546,0.998998998998999,15.3498888667907,1.9321291668051723,7.823954086891528,13.11957186122107,1000,999,1.0,1,159,80,3,real,3,1.0,1.0,39,0.9955122765657248,0.9995868130047887
6.90875477931522,6.906754778648554,0.998,0.9971040926261512,0.9956448802351952,0.9959919839679359,13.786256952975815,2.4530193750479654,7.341411950969355,12.052399315528488,1000,998,1.0,1,160,80,3,real,3,1.0,1.0,39,0.9935383627549473,0.998975244206066
6.90875477931522,6.90875477931522,1.0,0.9974500096440315,0.9974500096440315,1.0,13.47038616533506,2.5662639926810726,7.045473391703406,11.831079187004322,1000,1000,1.0,1,161,80,3,real,3,1.0,1.0,39,0.9931341596502102,0.9987786245849749
6.90875477931522,6.907755278982137,0.999,0.9976708205851229,0.9971720558702946,1.0,13.64754619208038,2.402930427152968,7.013760195502621,11.990863328012429,1000,999,1.0,1,162,80,3,real,3,1.0,1.0,39,0.9934491947706353,0.9989151284505564
4.3694478524670215,3.9318256327243257,0.6410256410256411,0.9970437836647034,0.6412055051520534,1.0,13.22998273334507,2.8585692217383953,7.707646286009392,11.429421844726582,78,50,0.6410256410256411,1,163,80,3,real,3,1.0,1.0,39,0.4209621179030449,0.7502299549385815
5.030437921392435,1.0986122886681098,0.013157894736842105,0.9043936729431152,0.023549678922210517,0.0,14.166622866629421,2.484240014627636,6.46482072164756,11.952989144448713,152,2,0.0,0,163,443,3,real,3,1.0,0.0,39,0.0012033877339906694,1.8019597913958096e-05
6.45833828334479,6.452048954437226,0.9937205651491365,0.996261596397201,0.9900069796383195,0.995260663507109,15.34532257617505,0.7766649712629277,1.9998425544990588,14.102546706113769,637,633,0.9937205651491365,1,165,80,3,real,3,1.0,1.0,39,0.992098679164154,0.9989830363151878
6.90875477931522,6.90875477931522,1.0,0.9965046336650848,0.9965046336650848,0.994,15.58137229434787,1.0467922815302515,4.060624337831028,13.941804419829001,1000,1000,1.0,1,166,80,3,real,3,1.0,1.0,39,0.9956442707350349,0.999491601880887
6.90875477931522,6.907755278982137,0.999,0.9984854149508166,0.9979245422780514,0.998998998998999,15.68625633214319,1.5756567416983571,7.487273044541287,13.45984813163852,1000,999,1.0,1,167,80,3,real,3,1.0,1.0,39,0.9959167735500297,0.9996643168615503
6.90875477931522,6.90875477931522,1.0,0.9983599869012832,0.9983599869012832,0.998,15.564162413653637,1.556147613611488,7.477401457774241,13.393719204185519,1000,1000,1.0,1,168,80,3,real,3,1.0,1.0,39,0.9958572285688898,0.9996510091307437
6.90875477931522,6.90875477931522,1.0,0.997300573348999,0.997300573348999,0.999,13.99337416262457,2.034871754589177,6.6407867373348894,12.344747209382863,1000,1000,1.0,1,169,80,3,real,3,1.0,1.0,39,0.9940561037588364,0.9991182907461069
6.90875477931522,6.90875477931522,1.0,0.9974835420250893,0.9974835420250893,1.0,14.082593490025245,1.9447007079786818,6.576064325033,12.430841794366593,1000,1000,1.0,1,170,80,3,real,3,1.0,1.0,39,0.9942163082988217,0.9991724286315194
6.70196036600254,6.646390514847729,0.9458794587945879,0.9975432065280423,0.9436812853183789,0.9986996098829649,14.070225501659138,1.965349872006561,6.60504345092542,12.420170226830008,813,769,0.9458794587945879,1,171,80,3,real,3,1.0,1.0,39,0.9895480448424406,0.998320539937763
5.517452896464707,0.6931471805599453,0.004032258064516129,0.7504084706306458,0.0061485783560616064,0.0,12.681454026554789,3.3734455416870057,4.786364616433406,11.107619812183392,248,1,0.0,0,172,80,3,real,3,1.0,0.0,39,0.000550889363379585,1.1639775440723077e-06
5.488937726156687,0.6931471805599453,0.004149377593360996,0.5236788988113403,0.00909318440563274,0.0,14.093819568901111,2.7204740390346327,7.211049229049722,11.509735379868179,241,1,0.0,0,172,443,3,real,3,1.0,0.0,39,0.00047489022872974803,5.344838317775297e-07
6.566672429803241,6.566672429803241,1.0,0.9972320592739212,0.9972320592739212,1.0,14.363967186686002,1.6547490929112478,4.4198490733589235,12.893366611730956,710,710,1.0,1,176,80,3,real,3,1.0,1.0,39,0.9917519740252813,0.9988004070848113
6.90875477931522,6.90875477931522,1.0,0.9965979841351509,0.9965979841351509,0.998,15.335868164218592,0.9372106162308663,2.7279145935561444,13.964356838243132,1000,1000,1.0,1,177,80,3,real,3,1.0,1.0,39,0.9953627188296555,0.9993502676531804
6.90875477931522,6.90875477931522,1.0,0.9993211736679077,0.9993211736679077,1.0,15.431849655119354,1.7892553271773903,7.750510786205244,13.210271938114259,1000,1000,1.0,1,178,80,4,real,4,1.0,1.0,7,0.9962422279077773,0.9991782677736532
6.90875477931522,6.905753276311464,0.997,0.999729998551735,0.9967490864708088,0.9979939819458375,14.59692250911369,1.9179946745658318,6.742155036977813,12.719266587894166,1000,997,1.0,1,179,80,4,real,4,1.0,1.0,7,0.994344892807147,0.9989774957740863
6.90875477931522,6.90875477931522,1.0,0.999946449637413,0.999946449637413,1.0,13.886394026156736,2.145924783396284,6.753772772954599,12.234446617732955,1000,1000,1.0,1,180,80,4,real,4,1.0,1.0,7,0.9928016907001121,0.9983263893205578
6.90875477931522,6.90875477931522,1.0,0.9999440118074417,0.9999440118074417,1.0,13.880219425297508,2.1425565050953854,6.8837271894572,12.205569821791626,1000,1000,1.0,1,181,80,4,real,4,1.0,1.0,7,0.9928599091970546,0.998227838558194
4.584967478670572,0.6931471805599453,0.010309278350515464,0.6817288398742676,0.007397428691148757,0.0,7.850715116722424,7.474557224587538,11.75846731788918,6.611553326022896,97,1,0.0,0,182,53,4,real,4,1.0,0.0,7,3.352955372920077e-05,1.5739648730033108e-08
6.672032945461067,6.586171654854675,0.917617237008872,0.9999417663443813,0.9187502975741707,1.0,13.524834704171516,2.4332133389219193,6.926877752760674,11.93231295058703,789,724,0.917617237008872,1,182,80,4,real,4,1.0,1.0,7,0.9790026369592744,0.9918815135688072
1.791759469228055,0.6931471805599453,0.2,0.5732884407043457,0.11493982525812356,0.0,8.144827275683955,7.8491607105037815,10.850104629867273,6.417890291192388,5,1,0.0,0,183,22,4,real,4,1.0,0.0,7,2.5669663421568394e-05,3.01528936142786e-07
4.564348191467836,0.6931471805599453,0.010526315789473684,0.5727381110191345,0.015501080747910572,0.0,14.446918224444069,2.491057591657804,6.323295256024664,11.995566684136394,95,1,0.0,0,183,443,4,real,4,1.0,0.0,7,0.00047600422454422504,0.00011458901087792813
6.12029741895095,6.118097198041348,0.9977973568281938,0.9976123081927268,0.9958209109529524,0.9933774834437086,14.93724459627233,1.1463281677041317,2.3646833960118383,13.700042115455034,454,453,1.0,1,185,80,4,real,4,1.0,1.0,7,0.9887729966817209,0.9999173759163321
6.90875477931522,6.90875477931522,1.0,0.9997711515426636,0.9997711515426636,0.999,14.968661424546225,1.1669186714870032,3.11721132513244,13.609802186795664,1000,1000,1.0,1,186,80,4,real,4,1.0,1.0,7,0.9945556204993328,0.9998897158824473
6.90875477931522,6.90875477931522,1.0,0.9993199263811111,0.9993199263811111,0.998,14.052775793679976,2.027423629959206,6.196399267803125,12.365371393945345,1000,1000,1.0,1,187,80,4,real,4,1.0,1.0,7,0.9929118653360607,0.9988123174973224
6.90875477931522,6.90875477931522,1.0,0.9999722955226898,0.9999722955226898,1.0,14.058391095767401,1.9996088836792794,6.263029355077173,12.374559263341698,1000,1000,1.0,1,188,80,4,real,4,1.0,1.0,7,0.9930564201098852,0.9988219810483974
6.90875477931522,6.90875477931522,1.0,0.9997094523310661,0.9997094523310661,0.999,13.799904687178483,2.2596160757121857,6.823956218223084,12.156051844147084,1000,1000,1.0,1,189,80,4,real,4,1.0,1.0,7,0.992434307477649,0.9980507082119732
6.90875477931522,6.90875477931522,1.0,0.9999515266418457,0.9999515266418457,1.0,14.042595338242823,1.9984628352512637,6.633008873375575,12.395113773992389,1000,1000,1.0,1,190,80,4,real,4,1.0,1.0,7,0.9933475579246638,0.998692219490392
6.738152494595957,6.697034247666484,0.9596678529062871,0.9999364481131432,0.9596725148556384,1.0,13.871542713744036,2.1476664283720894,6.898564293165255,12.191779777512732,843,809,0.9596678529062871,1,191,80,4,real,4,1.0,1.0,7,0.9883077676258777,0.9968774274742194
4.770684624465665,1.0986122886681098,0.017094017094017096,0.7656928598880768,0.028161650088523903,0.5,9.872613735789571,5.474039002224518,5.706939663803251,8.924411393081126,117,2,0.0,0,192,80,4,real,4,1.0,0.0,7,0.00011357390147071096,3.2860602212993154e-06
6.517671272912275,6.472346294500901,0.9556213017751479,0.9998983102317196,0.9555244725536408,1.0,13.640108072411163,2.175861505354261,5.129446340234684,12.182620934360898,676,646,1.0,1,194,80,4,real,4,1.0,1.0,7,0.981634308616207,0.9980112317972314
0.6931471805599453,0.6931471805599453,1.0,0.9670179486274719,0.9670179486274719,1.0,10.83634037270926,4.378112642740977,6.872047045826097,9.737767426436307,1,1,0.0,0,194,9705,4,real,4,1.0,0.0,7,0.1474020797941244,0.9563929133567357
6.61338421837956,6.492239835020471,0.885752688172043,0.9999146652330216,0.8856788150094682,1.0,13.598933801924808,2.3570187874776365,6.177569609099017,12.001650605104864,744,659,0.9032258064516129,1,195,80,4,real,4,1.0,1.0,7,0.969728273048097,0.9909032101163496
6.1070228877422545,0.6931471805599453,0.002232142857142857,0.6630268096923828,0.0030229878576679375,0.0,8.87316826274225,6.180238599758774,10.429318798302814,8.102677947221876,448,1,0.0,0,196,53,4,real,4,1.0,0.0,7,0.00011413191852963478,7.612750933141647e-08
4.23410650459726,1.0986122886681098,0.029411764705882353,0.5204781293869019,0.023976939057687895,0.0,13.97424195147634,2.538602528933909,5.269875705910746,12.259438782647612,68,2,0.0,0,196,80,4,real,4,1.0,0.0,7,0.00043321482592348945,0.0002548683781374981
5.093750200806762,1.3862943611198906,0.018518518518518517,0.5490430196126302,0.013677531428662027,0.0,14.881235074278212,2.4028765719886698,6.847398647915475,12.140163599293858,162,3,0.0,0,196,443,4,real,4,1.0,0.0,7,0.0009259254841528104,0.00012527290200534897
4.189654742026425,1.0986122886681098,0.03076923076923077,0.6106507182121277,0.025171941142309348,0.0,14.013550554452706,2.7551854051629685,5.161475520865933,11.914637558414837,65,2,0.0,0,197,80,4,real,4,1.0,0.0,7,0.0004175149018998522,0.0002102677523020635
2.70805020110221,0.6931471805599453,0.07142857142857142,0.9133803248405457,0.08931664981771194,0.0,16.031983158829934,0.27694732508803754,0.0,15.388346591424819,14,1,0.0,0,197,8080,4,real,4,1.0,0.0,7,0.0011509918718541636,0.17560183821295453
0.6931471805599453,0.6931471805599453,1.0,0.933888852596283,0.933888852596283,0.0,15.562273184274009,0.2991225644927598,1.1288341331844576,15.562273184274009,1,1,0.0,0,197,9780,4,real,4,1.0,0.0,7,0.49353181677478775,0.9999813399507098
0.6931471805599453,0.6931471805599453,1.0,0.5922436118125916,0.5922436118125916,0.0,3.9512437185814275,11.269992036291058,13.77550626413983,2.8903717578961645,1,1,0.0,0,197,9790,4,real,4,1.0,0.0,7,0.000555580826266897,8.4153898300967e-06
0.6931471805599453,0.6931471805599453,1.0,0.9349204301834106,0.9349204301834106,0.0,15.571978544492662,0.29662243752056816,1.1222779005778358,15.571978544492662,1,1,0.0,0,197,9832,4,real,4,1.0,0.0,7,0.4957828008999462,0.999981686801774
1.0986122886681098,0.6931471805599453,0.5,0.5687491297721863,0.36960285902023315,0.0,2.721208855260897,12.45487094394815,14.246623663257935,2.04717228111105,2,1,0.0,0,197,9847,4,real,4,1.0,0.0,7,1.6628219571740626e-05,1.150238826355453e-08
0.6931471805599453,0.6931471805599453,1.0,0.9543946385383606,0.9543946385383606,1.0,15.480221953316134,0.32098913680488556,1.1850785169800861,15.480221953316134,1,1,0.0,0,197,9854,4,real,4,1.0,0.0,7,0.606454978237116,0.9999886920767393
4.553876891600541,0.6931471805599453,0.010638297872340425,0.5327220559120178,0.01947767037245083,0.0,14.054944067219807,2.570569796753593,4.733313704423871,12.31010460732765,94,1,0.0,0,198,80,4,real,4,1.0,0.0,7,0.0003794951214440637,0.00020617863262301466
2.3978952727983707,0.6931471805599453,0.1,0.9137043356895447,0.12309261453337968,0.0,16.039970912612503,0.27258140757629357,0.0,15.416138546004257,10,1,0.0,0,198,8080,4,real,4,1.0,0.0,7,0.00131859869681167,0.27167794888610763
4.07753744390572,0.6931471805599453,0.017241379310344827,0.504501461982727,0.018757240600527733,0.0,14.826960444209876,2.058877280007685,3.9743729595688624,12.90522707669985,58,1,0.0,0,199,80,4,real,4,1.0,0.0,7,0.0004061396738772943,0.0006939979481026774
5.723585101952381,1.9459101490553132,0.019672131147540985,0.6000092724959055,0.02244662271576127,0.0,14.123671281636458,2.764967132384318,6.498584120917237,11.740733866448117,305,6,0.0,0,199,443,4,real,4,1.0,0.0,7,0.0011834573381998927,8.394551804123911e-05
2.70805020110221,0.6931471805599453,0.07142857142857142,0.9143533110618591,0.08636265061899653,0.0,16.03298508702791,0.27670545675488895,0.0,15.389348519540675,14,1,0.0,0,199,8080,4,real,4,1.0,0.0,7,0.00113831939223215,0.17296577605482147
5.093750200806762,0.6931471805599453,0.006172839506172839,0.552439272403717,0.007416978469859384,0.0,14.650777871914588,2.23621048646695,5.773489703188462,12.418173758749546,162,1,0.0,0,200,443,4,real,4,1.0,0.0,7,0.0006282201447575952,0.00015644612751940934
0.6931471805599453,0.6931471805599453,1.0,0.7914959192276001,0.7914959192276001,0.0,1.6094379124341003,13.815511557963774,16.325109901643454,0.8472978602443464,1,1,0.0,0,200,59675,4,real,4,1.0,0.0,7,0.0005328222658040026,7.744742074045667e-07
5.313205979041787,1.6094379124341003,0.019801980198019802,0.6543768495321274,0.01777750365734597,0.0,15.286369833942526,1.983092586061583,6.252275160095681,12.599418546296427,202,4,0.0,0,201,443,4,real,4,1.0,0.0,7,0.0015345631258975871,0.0003066210306730199
1.0986122886681098,0.6931471805599453,0.5,0.535654604434967,0.26782969918644994,0.0,11.346217018150787,4.884877659289383,8.762761366053446,9.167993526673191,2,1,0.0,0,201,465,4,real,4,1.0,0.0,7,0.0005805265364993083,0.0007778519689783046
2.6390573296152584,0.6931471805599453,0.07692307692307693,0.914029061794281,0.09381121376086063,0.0,16.033953769977614,0.27600067548711704,0.0,15.394125702693637,13,1,0.0,0,201,8080,4,real,4,1.0,0.0,7,0.0011676055842737298,0.19033716668347148
0.6931471805599453,0.6931471805599453,1.0,0.9267191290855408,0.9267191290855408,0.0,15.50778573120686,0.3134963303968938,1.1660225122060084,15.50778573120686,1,1,0.0,0,201,9933,4,real,4,1.0,0.0,7,0.47905727160856065,0.9999790407142279
5.247024072160486,0.6931471805599453,0.005291005291005291,0.5008277893066406,0.008359231310089851,0.0,13.849552662952034,2.9274771413357237,6.40776210647522,11.659064206501014,189,1,0.0,0,202,443,4,real,4,1.0,0.0,7,0.00043608688092089973,4.289003513984923e-05
2.772588722239781,0.6931471805599453,0.06666666666666667,0.9143524765968323,0.08133464093358876,0.0,16.031019193021233,0.2775780345592693,0.0,15.38408192546399,15,1,0.0,0,202,8080,4,real,4,1.0,0.0,7,0.0011217759116703356,0.15983536801662246
0.6931471805599453,0.6931471805599453,1.0,0.8492608666419983,0.8492608666419983,0.0,11.261009427187183,4.179378306999495,6.563259455969548,9.874753659963028,1,1,0.0,0,202,9875,4,real,4,1.0,0.0,7,0.06587111703090341,0.8918290930155335
1.0986122886681098,0.6931471805599453,0.5,0.5566821098327637,0.28031079983338714,0.0,2.582392986961757,12.052339795567944,13.844091348257214,2.582392986961757,2,1,0.0,0,202,9943,4,real,4,1.0,0.0,7,1.282007597711972e-05,1.2247841293286401e-08
6.100318952020064,0.6931471805599453,0.0022471910112359553,0.6285269856452942,0.0028301063839850857,0.0,8.609783279790703,6.66463348496713,10.845599660755427,7.517151211556788,445,1,0.0,0,203,53,4,real,4,1.0,0.0,7,8.717951883250758e-05,3.2630947272601867e-08
2.70805020110221,0.6931471805599453,0.07142857142857142,0.9137046337127686,0.08838532905169164,0.0,16.032267139987177,0.27687480357576255,0.0,15.388630572557739,14,1,0.0,0,203,8080,4,real,4,1.0,0.0,7,0.0011469884104221735,0.1747657331207732
6.063785208687608,0.6931471805599453,0.002331002331002331,0.8567197918891907,0.006652649643298831,0.0,9.39113891449912,5.920892248852003,10.027036518136102,8.282440813557676,429,1,0.0,0,204,53,4,real,4,1.0,0.0,7,0.00016108226356325052,1.4896452703939629e-07
6.220590170099739,2.1972245773362196,0.01593625498007968,0.6446497514843941,0.03095848419927322,0.0,13.949779058178132,2.4509069834871218,6.6800937936353595,11.896397586983568,502,8,0.0,0,204,443,4,real,4,1.0,1.0,7,0.00189633427090296,9.95306369667313e-05
5.929589143389895,1.0986122886681098,0.005333333333333333,0.5849798023700714,0.0033461484915291444,0.0,10.421201886077661,4.577220962121054,8.706457224523954,9.951533701739764,375,2,0.0,0,205,53,4,real,4,1.0,0.0,7,0.00025657773697504893,1.5514504758648358e-06
5.6131281063880705,1.791759469228055,0.018315018315018316,0.7493303060531616,0.030986083082283056,0.0,13.18133439972489,3.2040856706318195,6.3696598752956906,11.453364051711569,273,5,0.0,0,205,443,4,real,4,1.0,0.0,7,0.0009275436919094037,5.841366943835171e-05
2.70805020110221,0.6931471805599453,0.07142857142857142,0.9143521785736084,0.08843333815665184,0.0,16.03309445314912,0.2766744997922113,0.0,15.389457885647378,14,1,0.0,0,205,8080,4,real,4,1.0,0.0,7,0.0011484367108749356,0.17500030967169877
2.1972245773362196,0.6931471805599453,0.125,0.9143521785736084,0.1533759315898351,0.0,16.016972135656626,0.2759105365971285,0.0,15.410468447896301,8,1,0.0,0,206,8080,4,real,4,1.0,0.0,7,0.0015178853580605444,0.3671714734204592
0.6931471805599453,0.6931471805599453,1.0,0.8899441361427307,0.8899441361427307,0.0,10.593329276087347,5.020588356958894,11.719204984890911,8.983991689713024,1,1,0.0,0,206,10263,4,real,4,1.0,0.0,7,0.0874686397223425,0.4161427592753829
0.6931471805599453,0.6931471805599453,1.0,0.888286292552948,0.888286292552948,0.0,9.89298256789098,5.717630894448715,12.419573042323735,8.28374674710613,1,1,0.0,0,206,10264,4,real,4,1.0,0.0,7,0.06322564207549036,0.17983336229741512
0.6931471805599453,0.6931471805599453,1.0,0.9982581734657288,0.9982581734657288,1.0,11.357919419421995,4.415673016029719,10.954610776812274,9.566218331507198,1,1,0.0,0,206,10274,4,real,4,1.0,0.0,7,0.2520399345763207,0.8800669372074011
5.365976015021851,0.6931471805599453,0.004694835680751174,0.5814541578292847,0.007753392729777934,0.0,14.710047641045692,2.533491559871691,6.571924694132602,12.027787303426132,213,1,0.0,0,207,443,4,real,4,1.0,0.0,7,0.000693266338325761,7.409483796934556e-05
3.044522437723423,1.0986122886681098,0.1,0.9294448494911194,0.10898732863861368,0.0,16.025000790287983,0.27588451496802946,0.0,15.401168425769146,20,2,0.0,0,207,8080,4,real,4,1.0,0.0,7,0.0019316841605967953,0.23291447397369894
0.6931471805599453,0.6931471805599453,1.0,0.9605991840362549,0.9605991840362549,1.0,7.956827122090111,7.246041366723201,10.347702196464812,6.858915113527662,1,1,0.0,0,207,10012,4,real,4,1.0,0.0,7,0.04192458593247401,0.12528047842184425
0.6931471805599453,0.6931471805599453,1.0,0.5215256214141846,0.5215256214141846,0.0,4.219507705176107,10.997129049597918,13.502639604054428,3.149882953238392,1,1,0.0,0,207,10157,4,real,4,1.0,0.0,7,0.00043379114243718856,7.657202311174572e-06
0.6931471805599453,0.6931471805599453,1.0,0.5815798044204712,0.5815798044204712,0.0,3.9889840465642745,11.231526255401763,13.737040024169133,2.926739402245611,1,1,0.0,0,207,10158,4,real,4,1.0,0.0,7,0.0005345195032982604,8.25895068483622e-06
0.6931471805599453,0.6931471805599453,1.0,0.8226240873336792,0.8226240873336792,0.0,11.154033780161651,4.2848011432682584,6.6700933658185715,9.767782370370753,1,1,0.0,0,207,10185,4,real,4,1.0,0.0,7,0.054881841948510014,0.8492132621122263
0.6931471805599453,0.6931471805599453,1.0,0.722339928150177,0.722339928150177,0.0,2.9444389791664403,12.311437661077875,14.816959465443976,1.9459101490553132,1,1,0.0,0,207,10222,4,real,4,1.0,0.0,7,0.0006860386157107073,4.272550667026266e-06
0.6931471805599453,0.6931471805599453,1.0,0.7294571995735168,0.7294571995735168,0.0,1.791759469228055,13.592368256649284,16.097893045681612,0.9808292531367262,1,1,0.0,0,207,56616,4,real,4,1.0,0.0,7,0.0004157956697444347,6.58785104411298e-07
5.0689042022202315,0.6931471805599453,0.006329113924050633,0.5378027558326721,0.010521739492200307,0.0,12.944057892690273,3.5267623823631813,6.90466777214878,10.961251011167798,158,1,0.0,0,208,443,4,real,4,1.0,0.0,7,0.0002916636460690152,1.6597448429384348e-05
3.2188758248682006,1.3862943611198906,0.125,0.9249484737714132,0.1406596593054322,0.0,16.015075778445162,0.27614678963565814,0.0,15.408572091329725,24,3,0.0,0,208,8080,4,real,4,1.0,0.0,7,0.002925967166580558,0.314349151507079
0.6931471805599453,0.6931471805599453,1.0,0.8755199313163757,0.8755199313163757,0.0,1.9459101490553132,13.410046949904984,15.915571509336635,1.0986122886681098,1,1,0.0,0,208,9963,4,real,4,1.0,0.0,7,0.0009729372741847117,2.611150179668022e-06
0.6931471805599453,0.6931471805599453,1.0,0.5945355892181396,0.5945355892181396,0.0,3.9318256327243257,11.289794413577894,13.795308871054397,2.8716796250726913,1,1,0.0,0,208,10051,4,real,4,1.0,0.0,7,0.0005571616824866977,8.292015525674457e-06
5.602118820879701,1.0986122886681098,0.007407407407407408,0.6153382360935211,0.008823540588751419,0.0,15.77041341487726,1.8741510819367742,6.582364925515944,12.630253091489289,270,2,0.0,0,209,443,4,real,4,1.0,0.0,7,0.0014760575660631007,0.00020347083621992377
2.4849066497880004,1.0986122886681098,0.18181818181818182,0.9298442304134369,0.19674224352770994,0.0,16.013150584485476,0.2714674323193168,0.0,15.446030253594927,11,2,0.0,0,209,8080,4,real,4,1.0,0.0,7,0.003122721536158177,0.5487050393626289
5.10594547390058,0.6931471805599453,0.006097560975609756,0.6197463274002075,0.009185883199768988,0.0,14.735877903018194,2.451663402935888,6.444344881480581,12.145362891853475,164,1,0.0,0,210,443,4,real,4,1.0,0.0,7,0.0006736934692888705,0.00010162166272758961
5.568344503761097,1.3862943611198906,0.011494252873563218,0.5869841972986857,0.014737714823068038,0.0,13.552555954135732,3.2270251203688365,6.950732398585344,11.251093302368167,261,3,0.0,0,211,443,4,real,4,1.0,0.0,7,0.0006480460001039298,2.9499272056014913e-05
2.4849066497880004,0.6931471805599453,0.09090909090909091,0.9162694215774536,0.10814491386620582,0.0,16.01764447383417,0.27868079239316834,0.0,15.387510772753172,11,1,0.0,0,211,8080,4,real,4,1.0,0.0,7,0.0012271075434661966,0.23077100365387326
4.330733340286331,0.6931471805599453,0.013333333333333334,0.533760130405426,0.020775702461853594,0.0,13.694780104177182,2.66580233682592,5.898386036262158,11.848540178615709,75,1,0.0,0,212,80,4,real,4,1.0,0.0,7,0.00033351801611772856,0.0001083580511013256
5.365976015021851,0.6931471805599453,0.004694835680751174,0.623616635799408,0.009058754921859457,0.0,14.548105862810923,2.3765495507147607,6.009918167232923,12.089103310120043,213,1,0.0,0,212,443,4,real,4,1.0,0.0,7,0.0006993024733495151,0.00010313537454961849
2.833213344056216,0.6931471805599453,0.0625,0.9169011116027832,0.07468703767062834,0.0,16.045240035586154,0.27451608033941194,0.0,15.395414653844604,16,1,0.0,0,212,8080,4,real,4,1.0,0.0,7,0.001109622515900774,0.14897759647104497
1.0986122886681098,0.6931471805599453,0.5,0.5356366634368896,0.2735247169621289,0.0,4.062223427857924,10.48113511972926,12.272847716740483,4.062223427857924,2,1,0.0,0,212,10431,4,real,4,1.0,0.0,7,2.536991737741755e-05,1.4740002321003033e-07
5.099866427824199,0.6931471805599453,0.006134969325153374,1.0,0.010934490543344074,1.0,15.34664791421431,1.7882283308205642,3.6089827168456887,13.12364708962401,163,1,0.0,0,213,80,4,real,4,1.0,0.0,7,0.001712409479050244,0.0015876087515276282
4.812184355372417,0.6931471805599453,0.00819672131147541,0.9963753819465637,0.012164547198793143,1.0,14.919131544550176,2.2769135553768813,6.240450542742166,12.243732810165877,122,1,0.0,0,213,443,4,real,4,1.0,0.0,7,0.0014189405127206388,0.00032411509162428296
6.040254711277414,1.0986122886681098,0.00477326968973747,0.7218690812587738,0.004289203405918383,0.0,8.380866937475203,6.690515396708589,10.807697931035177,7.552676037040765,419,2,0.0,0,214,53,4,real,4,1.0,0.0,7,0.00010602211214176123,4.1979033532077896e-08
5.351858133476067,1.9459101490553132,0.02857142857142857,0.6649110813935598,0.02239569423675966,0.16666666666666666,14.005338623309559,2.9240540267918376,7.093902034371461,11.449720498326085,210,6,0.0,0,214,443,4,real,4,1.0,0.0,7,0.0011332684725411882,7.235289997363944e-05
3.091042453358316,1.0986122886681098,0.09523809523809523,0.8303535580635071,0.08009562262685947,0.0,15.959092133550545,0.29308519075752665,0.0,15.331959073506642,21,2,0.0,0,214,8080,4,real,4,1.0,0.0,7,0.0014910804492365896,0.1701186201971386
1.0986122886681098,0.6931471805599453,0.5,0.5224233269691467,0.26125977135961875,0.0,4.174978636020162,10.696859389983548,13.424499542515406,3.6361991962850233,2,1,0.0,0,214,10167,4,real,4,1.0,0.0,7,2.3994818031725977e-05,6.414334247230825e-08
0.6931471805599453,0.6931471805599453,1.0,0.6181852221488953,0.6181852221488953,0.0,3.912023005428146,11.309996870883507,13.815511557963774,2.85263142972101,1,1,0.0,0,214,10175,4,real,4,1.0,0.0,7,0.0006260692600158542,9.61360212139989e-06
5.6937321388027,2.9444389791664403,0.060810810810810814,0.9874860412544675,0.06135750704204562,1.0,12.73080461369196,3.6048475892717833,4.347682599612076,10.994756959846598,296,18,0.0,0,215,80,4,real,4,1.0,1.0,7,0.0022967317609109282,0.0002706022435272043
5.030437921392435,0.6931471805599453,0.006578947368421052,0.61516273021698,0.02273486153628328,0.0,14.779168124855522,2.1354807722527362,5.899684882891565,12.373573782438898,152,1,0.0,0,215,443,4,real,4,1.0,0.0,7,0.0007340324674321386,0.0001902381148656297
6.068425588244111,0.6931471805599453,0.002320185614849188,0.5827234387397766,0.0022005819865033144,0.0,9.314086030082052,5.974564929440295,10.140742634070893,8.226553617254334,431,1,0.0,0,216,53,4,real,4,1.0,0.0,7,0.00011493053980820917,1.0189196886320155e-07
5.472270673671475,2.9444389791664403,0.0759493670886076,0.9814740187591977,0.07919802974055418,1.0,12.669706576972764,3.4296322809053783,4.283493296241306,11.168626795262924,237,18,0.0,0,216,80,4,real,4,1.0,1.0,7,0.002521027589799288,0.0004579036233955595
2.6390573296152584,0.6931471805599453,0.07692307692307693,0.8327456712722778,0.06514520025274788,0.0,15.979360070677261,0.289641875585746,0.0,15.339532007809934,13,1,0.0,0,216,8080,4,real,4,1.0,0.0,7,0.0009244853140089768,0.14660393622024323
5.087596335232384,3.091042453358316,0.13043478260869565,0.9837721330778939,0.1412015117010172,1.0,13.668780323393813,2.7002506146044016,4.666669463022953,12.101307202817761,161,21,0.0,0,217,80,4,real,4,1.0,1.0,7,0.0064882824399621584,0.003425874685417354
5.62040086571715,1.0986122886681098,0.007272727272727273,0.6045479774475098,0.010698987118304994,0.0,14.35272180484115,2.6810443355163684,6.344508187469866,11.853191155875106,275,2,0.0,0,217,443,4,real,4,1.0,0.0,7,0.0008064857512318527,6.85012850724157e-05
2.1972245773362196,0.6931471805599453,0.125,0.8295499086380005,0.10454835036216537,0.0,15.929019076871501,0.2980027474830199,0.0,15.32251539616841,8,1,0.0,0,217,8080,4,real,4,1.0,0.0,7,0.0010831984921104204,0.26343840521985246
0.6931471805599453,0.6931471805599453,1.0,0.7533714771270752,0.7533714771270752,0.0,13.166544842578547,2.357813676748085,6.65414419759704,11.780256222124095,1,1,0.0,0,217,10622,4,real,4,1.0,0.0,7,0.11640953114211719,0.9797712085304096
0.6931471805599453,0.6931471805599453,1.0,0.6956309676170349,0.6956309676170349,0.0,15.572574539743377,0.2964694934764591,1.1218759630888668,15.572574539743377,1,1,0.0,0,217,61122,4,real,4,1.0,0.0,7,0.21516395461396434,0.9998859773308517
0.6931471805599453,0.6931471805599453,1.0,0.7782909274101257,0.7782909274101257,0.0,15.546311578828679,0.3032736242789803,1.139661417711366,15.546311578828679,1,1,0.0,0,217,61157,4,real,4,1.0,0.0,7,0.29686467666644856,0.9999375777047506
0.6931471805599453,0.6931471805599453,1.0,0.5073032379150391,0.5073032379150391,0.0,15.4227037529041,0.33711415626099467,1.225360602515787,15.4227037529041,1,1,0.0,0,217,61164,4,real,4,1.0,0.0,7,0.08677527190436148,0.9994299555967493
5.634789603169249,1.9459101490553132,0.021505376344086023,0.9998560647169749,0.026958579635316265,1.0,14.068038440347882,2.9505234379268757,6.630476458701712,11.545352334231888,279,6,0.0,0,218,443,4,real,4,1.0,0.0,7,0.0024339722831891197,0.00014919450921565712
5.1647859739235145,2.995732273553991,0.10919540229885058,0.9615584737376163,0.10568140390883309,0.9473684210526315,12.076333867985774,3.986743272155701,4.409451567255925,10.57595519884617,174,19,0.0,0,219,80,4,real,4,1.0,1.0,7,0.0019844558778703072,0.0003311244669037835
5.579729825986222,1.3862943611198906,0.011363636363636364,0.7198563814163208,0.009952430452069479,0.3333333333333333,13.274102023899667,3.2567071279425615,5.982172701713262,11.251755170107828,264,3,0.0,0,219,443,4,real,4,1.0,0.0,7,0.0007106122098053479,4.715620522625483e-05
2.772588722239781,0.6931471805599453,0.06666666666666667,0.8303537964820862,0.05627512284748567,0.0,15.98189706341707,0.28987549780910643,0.0,15.334959799860956,15,1,0.0,0,219,8080,4,real,4,1.0,0.0,7,0.0009014006449665599,0.12498685932340707
0.6931471805599453,0.6931471805599453,1.0,0.9586999416351318,0.9586999416351318,1.0,9.229554590899987,5.974893438566221,8.478082365761104,8.131138476925974,1,1,0.0,0,219,10620,4,real,4,1.0,0.0,7,0.07020148716258197,0.5867369440335908
5.455321115357702,3.091042453358316,0.09012875536480687,0.9815848157519386,0.09000345832997773,1.0,13.50601746651267,3.0171482939691274,4.09538354776035,11.729492514355643,233,21,0.0,0,220,80,4,real,4,1.0,1.0,7,0.0040726496304443706,0.0012334560429691126
2.302585092994046,0.6931471805599453,0.1111111111111111,0.828742504119873,0.09284878129579334,0.0,15.937451996954714,0.29708586905392526,0.0,15.321321273141201,9,1,0.0,0,220,8080,4,real,4,1.0,0.0,7,0.00101860969462849,0.2243137921961336
0.6931471805599453,0.6931471805599453,1.0,0.887376606464386,0.887376606464386,0.0,9.418492105471156,6.190909197147149,12.894908652571921,7.809378973812888,1,1,0.0,0,220,10270,4,real,4,1.0,0.0,7,0.05057591033234187,0.08985824822867636
0.6931471805599453,0.6931471805599453,1.0,0.8414448499679565,0.8414448499679565,0.0,9.486152271857476,6.123387079711011,12.827243348878508,7.877017895622398,1,1,0.0,0,220,10273,4,real,4,1.0,0.0,7,0.04130816534088921,0.07217283586653726
0.6931471805599453,0.6931471805599453,1.0,0.8226325511932373,0.8226325511932373,0.0,8.959825623865841,6.466806713161685,9.321810985708273,7.573916594457096,1,1,0.0,0,220,10306,4,real,4,1.0,0.0,7,0.02051571142102029,0.11233947439647915
5.318119993844216,1.0986122886681098,0.009852216748768473,0.8050833940505981,0.017642702206966072,0.5,13.570179787255888,3.2016487376336524,7.233435584794115,11.283737400686533,203,2,0.0,0,221,443,4,real,4,1.0,0.0,7,0.000843516978787795,4.238577831813311e-05
2.4849066497880004,0.6931471805599453,0.09090909090909091,0.8279354572296143,0.07640514175793876,0.0,15.970492965079256,0.2906502480407966,0.0,15.340359267226102,11,1,0.0,0,221,8080,4,real,4,1.0,0.0,7,0.0009547460346468057,0.17683775434739465
0.6931471805599453,0.6931471805599453,1.0,0.7000563740730286,0.7000563740730286,0.0,3.044522437723423,12.206077645517674,14.711598990684092,2.0368819273045182,1,1,0.0,0,221,10277,4,real,4,1.0,0.0,7,0.0006388534800093795,4.2544816339761465e-06
0.6931471805599453,0.6931471805599453,1.0,0.7309640645980835,0.7309640645980835,0.0,5.916202062607435,9.511519461762258,11.909347464481304,4.537961436294641,1,1,0.0,0,221,10299,4,real,4,1.0,0.0,7,0.0027479372392593382,0.0004534573380516819
0.6931471805599453,0.6931471805599453,1.0,0.6997150182723999,0.6997150182723999,0.0,3.044522437723423,12.206077645517674,14.711598990684092,2.0368819273045182,1,1,0.0,0,221,10314,4,real,4,1.0,0.0,7,0.0006376911056101025,4.243392352208175e-06
0.6931471805599453,0.6931471805599453,1.0,0.5019658803939819,0.5019658803939819,0.0,4.2626798770413155,10.953327176831683,13.45883704259595,3.191847152343295,1,1,0.0,0,221,10355,4,real,4,1.0,0.0,7,0.00039906439208518493,7.0847295449330785e-06
0.6931471805599453,0.6931471805599453,1.0,0.561227023601532,0.561227023601532,0.0,4.060443010546419,11.158767901198084,13.664280751496817,2.995732273553991,1,1,0.0,0,221,10356,4,real,4,1.0,0.0,7,0.0004963841932559488,7.960942079327656e-06
0.6931471805599453,0.6931471805599453,1.0,0.653124988079071,0.653124988079071,0.0,3.4965075614664802,11.736077016252437,14.241595606336185,2.456735773107018,1,1,0.0,0,221,10360,4,real,4,1.0,0.0,7,0.0006174525500155577,6.2945819117889265e-06
5.493061443340548,3.044522437723423,0.08264462809917356,0.9595813035964966,0.08574910489580187,0.95,12.396181687446623,3.780994396385545,5.329346984917073,10.8109603745344,242,20,0.0,0,222,80,4,real,4,1.0,1.0,7,0.0024623068088354167,0.00022246698341564974
5.087596335232384,1.0986122886681098,0.012422360248447204,0.7892434597015381,0.01158673780017418,0.5,13.442928081210942,3.037211017567349,5.917815722620938,11.494418617738082,161,2,0.0,0,222,443,4,real,4,1.0,0.0,7,0.0006756639210004289,8.307940206706823e-05
