feature,pretty,mean_abs_shap_all,mean_abs_shap_real,mean_abs_shap_synth,coef_std
prob_mean_all,Mean flow probability,2.0655831827385045,2.289389182120247,1.7477786636164307,2.1477650841502576
alert_fraction,Alert fraction,1.7208093743153527,1.9419777151519073,1.4067503303274465,1.789790719499568
critical_fraction,Critical-tier fraction,1.4301657119571318,1.7368578967766048,0.9946628095134821,1.6435870820433582
log_n_alerts,Alerts in group (log),1.1557815328164645,1.501266697234236,0.6651925993432327,1.2776365635929965
prob_mean_alerts,Mean alert probability,0.8455339600485825,0.98572314764325,0.6464653136641537,1.046688337647706
log_duration_mean,Mean flow duration (log),0.7859028891883605,0.9720888575175497,0.5215188141609126,1.182147301686548
log_pkts_per_s_mean,Mean packets/s (log),0.6359625861879641,0.7973500574548246,0.40679237698902215,-0.9644880978106793
log_bytes_per_s_mean,Mean bytes/s (log),0.5612012912011604,0.7395700953523833,0.30791758930642404,0.8669055819530087
log_iat_mean_mean,Mean flow IAT (log),0.4278843048881325,0.5445988685588264,0.26214962447574736,0.6532035906668179
log_n_flows,Flows in group (log),0.17863360445161808,0.21370579280399704,0.12883109699124065,0.21651962286879745
